{
  "itemDisplayName": "Create an Application Gateway with Public IP",
  "description": "This template creates an Application Gateway, Public IP address for the Application Gateway, and the Virtual Network in which Application Gateway is deployed. Also configures Application Gateway for Http Load balancing with Two backend servers. Note that you have to specify valid IPs for backend servers.",
  "summary": "Create an Application Gateway with Public IP",
  "githubUsername": "puneetsaraswat",
  "dateUpdated": "2015-12-04"
}
