{
  "$schema": "https://schema.management.azure.com/schemas/2015-01-01/deploymentTemplate.json#",
  "contentVersion": "1.0.0.0",
  "parameters": {
    "location": {
      "type": "string",
      "defaultValue": "[resourceGroup().location]",
      "metadata": {
        "description": "Location for all resources."
      }
    }
  },
  "resources": [
    {
      "type": "Microsoft.Compute/availabilitySets",
      "name": "availabilitySet1",
      "apiVersion": "2015-06-15",
      "location": "[parameters('location')]",
      "properties": {
        "platformFaultDomainCount": 3,
        "platformUpdateDomainCount": "20"
      }
    }
  ]
}
