{
  "$schema": "http://schema.management.azure.com/schemas/2015-01-01/deploymentTemplate.json#",
  "contentVersion": "1.0.0.0",
  "parameters": {
    "publisherEmail": {
      "type": "string",
      "minLength": 1,
      "metadata": {
        "description": "The email address of the owner of the service"
      }
    },
    "publisherName": {
      "type": "string",
      "minLength": 1,
      "metadata": {
        "description": "The name of the owner of the service"
      }
    },
    "sku": {
      "type": "string",
      "allowedValues": [
        "Developer",
        "Standard",
        "Premium"
      ],
      "defaultValue": "Developer",
      "metadata": {
        "description": "The pricing tier of this API Management service"
      }
    },
    "skuCount": {
      "type": "int",
      "defaultValue": 1,
      "metadata": {
        "description": "The instance size of this API Management service."
      }
    },
    "location": {
      "type": "string",
      "defaultValue": "[resourceGroup().location]",
      "metadata": {
        "description": "Location for all resources."
      }
    }
  },
  "variables": {
    "apiManagementServiceName": "[concat('apiservice', uniqueString(resourceGroup().id))]"
  },
  "resources": [
    {
      "apiVersion": "2017-03-01",
      "name": "[variables('apiManagementServiceName')]",
      "type": "Microsoft.ApiManagement/service",
      "location": "[parameters('location')]",
      "tags": {},
      "sku": {
        "name": "[parameters('sku')]",
        "capacity": "[parameters('skuCount')]"
      },
      "properties": {
        "publisherEmail": "[parameters('publisherEmail')]",
        "publisherName": "[parameters('publisherName')]"
      },
      "identity": {
        "type": "systemAssigned"
      }
    }
  ]
}
