{
  "$schema": "https://schema.management.azure.com/schemas/2015-01-01/deploymentTemplate.json#",
  "contentVersion": "1.0.0.0",
  "parameters": {
    "addressPrefix": {
      "type": "string",
      "defaultValue": "10.0.0.0/16",
      "metadata": {
        "description": "Address prefix for the Virtual Network"
      }
    },
    "subnetPrefix": {
      "type": "string",
      "defaultValue": "10.0.0.0/28",
      "metadata": {
        "description": "Subnet prefix"
      }
    },
    "skuName": {
      "type": "string",
      "allowedValues": [
        "Standard_Small",
        "Standard_Medium",
        "Standard_Large"
      ],
      "defaultValue": "Standard_Medium",
      "metadata": {
        "description": "Sku Name"
      }
    },
    "capacity": {
      "type": "int",
      "defaultValue": 2,
      "metadata": {
        "description": "Number of instances"
      }
    },
    "backendIpAddress1": {
      "type": "string",
      "metadata": {
        "description": "IP Address for Backend Server 1"
      }
    },
    "backendIpAddress2": {
      "type": "string",
      "metadata": {
        "description": "IP Address for Backend Server 2"
      }
    },
    "certData": {
      "type": "string",
      "metadata": {
        "description": "Base-64 encoded form of the .pfx file"
      }
    },
    "certPassword": {
      "type": "securestring",
      "metadata": {
        "description": "Password for .pfx certificate"
      }
    },
    "location": {
      "type": "string",
      "defaultValue": "[resourceGroup().location]",
      "metadata": {
        "description": "Location for all resources."
      }
    }
  },
  "variables": {
    "applicationGatewayName": "applicationGateway1",
    "publicIPAddressName": "publicIp1",
    "virtualNetworkName": "virtualNetwork1",
    "subnetName": "appGatewaySubnet",
    "subnetRef": "[resourceId('Microsoft.Network/virtualNetworks/subnets', variables('virtualNetworkName'), variables('subnetName'))]",
    "publicIPRef": "[resourceId('Microsoft.Network/publicIPAddresses',variables('publicIPAddressName'))]",
    "applicationGatewayID": "[resourceId('Microsoft.Network/applicationGateways',variables('applicationGatewayName'))]"
  },
  "resources": [
    {
      "apiVersion": "2015-05-01-preview",
      "type": "Microsoft.Network/publicIPAddresses",
      "name": "[variables('publicIPAddressName')]",
      "location": "[parameters('location')]",
      "properties": {
        "publicIPAllocationMethod": "Dynamic"
      }
    },
    {
      "apiVersion": "2015-05-01-preview",
      "type": "Microsoft.Network/virtualNetworks",
      "name": "[variables('virtualNetworkName')]",
      "location": "[parameters('location')]",
      "properties": {
        "addressSpace": {
          "addressPrefixes": [
            "[parameters('addressPrefix')]"
          ]
        },
        "subnets": [
          {
            "name": "[variables('subnetName')]",
            "properties": {
              "addressPrefix": "[parameters('subnetPrefix')]"
            }
          }
        ]
      }
    },
    {
      "apiVersion": "2017-06-01",
      "name": "[variables('applicationGatewayName')]",
      "type": "Microsoft.Network/applicationGateways",
      "location": "[parameters('location')]",
      "dependsOn": [
        "[concat('Microsoft.Network/virtualNetworks/', variables('virtualNetworkName'))]",
        "[concat('Microsoft.Network/publicIPAddresses/', variables('publicIPAddressName'))]"
      ],
      "properties": {
        "sku": {
          "name": "[parameters('skuName')]",
          "tier": "Standard",
          "capacity": "[parameters('capacity')]"
        },
        "sslCertificates": [
          {
            "name": "appGatewaySslCert",
            "properties": {
              "data": "[parameters('certData')]",
              "password": "[parameters('certPassword')]"
            }
          }
        ],
        "gatewayIPConfigurations": [
          {
            "name": "appGatewayIpConfig",
            "properties": {
              "subnet": {
                "id": "[variables('subnetRef')]"
              }
            }
          }
        ],
        "frontendIPConfigurations": [
          {
            "name": "appGatewayFrontendIP",
            "properties": {
              "PublicIPAddress": {
                "id": "[variables('publicIPRef')]"
              }
            }
          }
        ],
        "frontendPorts": [
          {
            "name": "appGatewayFrontendPort",
            "properties": {
              "Port": 443
            }
          }
        ],
        "backendAddressPools": [
          {
            "name": "appGatewayBackendPool",
            "properties": {
              "BackendAddresses": [
                {
                  "IpAddress": "[parameters('backendIpAddress1')]"
                },
                {
                  "IpAddress": "[parameters('backendIpAddress2')]"
                }
              ]
            }
          }
        ],
        "backendHttpSettingsCollection": [
          {
            "name": "appGatewayBackendHttpSettings",
            "properties": {
              "Port": 80,
              "Protocol": "Http",
              "CookieBasedAffinity": "Disabled"
            }
          }
        ],
        "httpListeners": [
          {
            "name": "appGatewayHttpListener",
            "properties": {
              "FrontendIPConfiguration": {
                "Id": "[concat(variables('applicationGatewayID'), '/frontendIPConfigurations/appGatewayFrontendIP')]"
              },
              "FrontendPort": {
                "Id": "[concat(variables('applicationGatewayID'), '/frontendPorts/appGatewayFrontendPort')]"
              },
              "Protocol": "Https",
              "SslCertificate": {
                "Id": "[concat(variables('applicationGatewayID'), '/sslCertificates/appGatewaySslCert')]"
              }
            }
          }
        ],
        "requestRoutingRules": [
          {
            "Name": "rule1",
            "properties": {
              "RuleType": "Basic",
              "httpListener": {
                "id": "[concat(variables('applicationGatewayID'), '/httpListeners/appGatewayHttpListener')]"
              },
              "backendAddressPool": {
                "id": "[concat(variables('applicationGatewayID'), '/backendAddressPools/appGatewayBackendPool')]"
              },
              "backendHttpSettings": {
                "id": "[concat(variables('applicationGatewayID'), '/backendHttpSettingsCollection/appGatewayBackendHttpSettings')]"
              }
            }
          }
        ]
      }
    }
  ]
}
