{
  "$schema": "https://schema.management.azure.com/schemas/2015-01-01/deploymentTemplate.json#",
  "contentVersion": "1.0.0.0",
  "parameters": {
    "location": {
      "type": "string",
      "defaultValue": "[resourceGroup().location]"
    },
    "vmName": {
      "type": "string"
    },
    "vmSize": {
      "type": "string"
    },
    "adminUsername": {
      "type": "string"
    },
    "adminPassword": {
      "type": "securestring"
    },
    "nicName": {
      "type": "string"
    },
    "automationAccountName": {
      "type": "string"
    },
    "nodeConfigurationName": {
      "type": "string",
      "defaultValue": "DomainControllerConfig.localhost"
    }
  },
  "variables": {},
  "resources": [
    {
      "name": "[parameters('automationAccountName')]",
      "type": "Microsoft.Automation/automationAccounts",
      "apiVersion": "2018-01-15",
      "location": "[parameters('location')]",
      "comments": "Automation account for OMS",
      "properties": {
        "sku": {
          "name": "OMS"
        }
      }
    },
    {
      "name": "[parameters('VMName')]",
      "type": "Microsoft.Compute/virtualMachines",
      "apiVersion": "2017-12-01",
      "location": "[parameters('location')]",
      "dependsOn": [
        "[parameters('automationAccountName')]"
      ],
      "properties": {
        "hardwareProfile": {
          "vmSize": "[parameters('VMSize')]"
        },
        "osProfile": {
          "computerName": "[parameters('VMName')]",
          "adminUsername": "[parameters('adminUsername')]",
          "adminPassword": "[parameters('adminPassword')]"
        },
        "storageProfile": {
          "imageReference": {
            "publisher": "MicrosoftWindowsServer",
            "offer": "WindowsServer",
            "sku": "2016-Datacenter-Server-Core",
            "version": "latest"
          },
          "osDisk": {
            "createOption": "FromImage"
          },
          "dataDisks": [
            {
              "createOption": "Empty",
              "diskSizeGB": 100,
              "lun": 0
            }
          ]
        },
        "networkProfile": {
          "networkInterfaces": [
            {
              "id": "[resourceId('Microsoft.Network/networkInterfaces',parameters('NicName'))]"
            }
          ]
        }
      }
    },
    {
      "type": "Microsoft.Compute/virtualMachines/extensions",
      "name": "[concat(parameters('VMName'),'/OnboardToDSC')]",
      "apiVersion": "2017-12-01",
      "location": "[parameters('location')]",
      "dependsOn": [
        "[concat('Microsoft.Compute/virtualMachines/', parameters('VMName'))]"
      ],
      "properties": {
        "publisher": "Microsoft.Powershell",
        "type": "DSC",
        "typeHandlerVersion": "2.75",
        "autoUpgradeMinorVersion": true,
        "protectedSettings": {
          "Items": {
            "registrationKeyPrivate": "[listKeys(resourceId('Microsoft.Automation/automationAccounts/', parameters('automationAccountName')), '2018-01-15').Keys[0].value]"
          }
        },
        "settings": {
          "Properties": [
            {
              "Name": "RegistrationKey",
              "Value": {
                "UserName": "PLACEHOLDER_DONOTUSE",
                "Password": "PrivateSettingsRef:registrationKeyPrivate"
              },
              "TypeName": "System.Management.Automation.PSCredential"
            },
            {
              "Name": "RegistrationUrl",
              "Value": "[reference(concat('Microsoft.Automation/automationAccounts/', parameters('automationAccountName'))).registrationUrl]",
              "TypeName": "System.String"
            },
            {
              "Name": "NodeConfigurationName",
              "Value": "[parameters('nodeConfigurationName')]",
              "TypeName": "System.String"
            },
            {
              "Name": "ConfigurationMode",
              "Value": "ApplyandAutoCorrect",
              "TypeName": "System.String"
            },
            {
              "Name": "RebootNodeIfNeeded",
              "Value": true,
              "TypeName": "System.Boolean"
            },
            {
              "Name": "ActionAfterReboot",
              "Value": "ContinueConfiguration",
              "TypeName": "System.String"
            }
          ]
        }
      }
    }
  ],
  "outputs": {}
}
