{
    "$schema": "http://schema.management.azure.com/schemas/2015-01-01/deploymentParameters.json#",
    "contentVersion": "1.0.0.0",
    "parameters": {
        "applicationGatewayName": {
        "value": "basicRedirectGw"
      },
      "skuName": {
        "value": "Standard_Medium"
      },
      "capacity": {
        "value": 1
      },
      "subnetName": {
        "value": "appGwSubnet"
      },
      "virtualNetworkName": {
        "value": "appGwVnet"
      },
      "vnetAddressPrefix": {
        "value": "10.0.0.0/16"
      },
      "subnetPrefix": {
        "value": "10.0.0.0/24"
      },
      "backendIpAddress1": {
        "value": "10.0.1.10"
      },
	  "backendIpAddress2": {
        "value": "10.0.1.10"
      },
	  "pathMatch1": {
        "value": "/*"
      },
	  "certData": {
        "value": "GEN-CUSTOM-DOMAIN-SSLCERT-PFXDATA"
      },
	  "certPassword": {
        "value": "GEN-CUSTOM-DOMAIN-SSLCERT-PASSWORD"
      }
    }
}