{
  "$schema": "http://schema.management.azure.com/schemas/2015-01-01/deploymentParameters.json#",
  "contentVersion": "1.0.0.0",
  "parameters": {
    "agentCount": {
      "value": 3
    },
    "agentEndpointDNSNamePrefix": {
      "value": "GEN-UNIQUE"
    },
    "agentSubnet": {
      "value": "10.0.0.0/16"
    },
    "agentVMSize": {
      "value": "Standard_D2_v2"
    },
    "firstConsecutiveStaticIP": {
      "value": "172.16.0.5"
    },
    "linuxAdminUsername": {
      "value": "azureuser"
    },
    "masterEndpointDNSNamePrefix": {
      "value": "GEN-UNIQUE"
    },
    "masterSubnet": {
      "value": "172.16.0.0/24"
    },
    "masterVMSize": {
      "value": "Standard_D2_v2"
    },
    "sshRSAPublicKey": {
      "value": "GEN-SSH-PUB-KEY"
    }
  }
}
