{
  "itemDisplayName": "Azure Container Service Engine (acs-engine) - Swarm Mode",
  "description": "The Azure Container Service Engine (acs-engine) generates ARM (Azure Resource Manager) templates for Docker enabled clusters on Microsoft Azure with your choice of DC/OS, Kubernetes, Swarm Mode, or Swarm orchestrators. The input to the tool is a cluster definition. The cluster definition is very similar to (in many cases the same as) the ARM template syntax used to deploy a Microsoft Azure Container Service cluster.",
  "summary": "Azure Container Service Engine optimizes configuration of open source container management solutions that offer portability for both containers and application configuration.",
  "githubUsername": "amanohar",
  "dateUpdated": "2018-05-19"
}
