{
  "$schema": "https://schema.management.azure.com/schemas/2015-01-01/deploymentTemplate.json#",
  "contentVersion": "1.0.0.0",
  "parameters": {
    "virtualNetworkName": {
      "type": "string",
      "metadata": {
        "description": "virtual network name"
      }
    },
    "vnetAddressPrefix": {
      "type": "string",
      "defaultValue": "10.0.0.0/16",
      "metadata": {
        "description": "virtual network address range"
      }
    },
    "subnetName": {
      "type": "string",
      "defaultValue": "subnet1",
      "metadata": {
        "description": "Subnet Name"
      }
    },
    "subnetPrefix": {
      "type": "string",
      "defaultValue": "10.0.0.0/24",
      "metadata": {
        "description": "Subnet prefix"
      }
    },
    "applicationGatewayName": {
      "type": "string",
      "defaultValue": "applicationGateway1",
      "metadata": {
        "description": "application gateway name"
      }
    },
    "applicationGatewaySize": {
      "type": "string",
      "allowedValues": [
        "Standard_Small",
        "Standard_Medium",
        "Standard_Large"
      ],
      "defaultValue": "Standard_Small",
      "metadata": {
        "description": "application gateway size"
      }
    },
    "applicationGatewayInstanceCount": {
      "type": "int",
      "allowedValues": [
        1,
        2,
        3,
        4,
        5,
        6,
        7,
        8,
        9,
        10
      ],
      "defaultValue": 2,
      "metadata": {
        "description": "application gateway instance count"
      }
    },
    "frontendPort": {
      "type": "int",
      "defaultValue": 80,
      "metadata": {
        "description": "application gateway front end port"
      }
    },
    "backendPort": {
      "type": "int",
      "defaultValue": 80,
      "metadata": {
        "description": "application gateway back end port"
      }
    },
    "backendIPAddresses": {
      "type": "array",
      "defaultValue": [
        {
          "IpAddress": "10.0.0.4"
        },
        {
          "IpAddress": "10.0.0.5"
        }
      ],
      "metadata": {
        "description": "back end pool ip addresses"
      }
    },
    "cookieBasedAffinity": {
      "type": "string",
      "allowedValues": [
        "Enabled",
        "Disabled"
      ],
      "defaultValue": "Disabled",
      "metadata": {
        "description": "cookie based affinity"
      }
    },
    "location": {
      "type": "string",
      "defaultValue": "[resourceGroup().location]",
      "metadata": {
        "description": "Location for all resources."
      }
    }
  },
  "variables": {
    "subnetRef": "[resourceId('Microsoft.Network/virtualNetworks/subnets', parameters('virtualNetworkName'), parameters('subnetName'))]"
  },
  "resources": [
    {
      "apiVersion": "2015-06-15",
      "type": "Microsoft.Network/virtualNetworks",
      "name": "[parameters('virtualNetworkName')]",
      "location": "[parameters('location')]",
      "properties": {
        "addressSpace": {
          "addressPrefixes": [
            "[parameters('vnetAddressPrefix')]"
          ]
        },
        "subnets": [
          {
            "name": "[parameters('subnetName')]",
            "properties": {
              "addressPrefix": "[parameters('subnetPrefix')]"
            }
          }
        ]
      }
    },
    {
      "apiVersion": "2017-06-01",
      "name": "[parameters('applicationGatewayName')]",
      "type": "Microsoft.Network/applicationGateways",
      "location": "[parameters('location')]",
      "dependsOn": [
        "[concat('Microsoft.Network/virtualNetworks/', parameters('virtualNetworkName'))]"
      ],
      "properties": {
        "sku": {
          "name": "[parameters('applicationGatewaySize')]",
          "tier": "Standard",
          "capacity": "[parameters('applicationGatewayInstanceCount')]"
        },
        "gatewayIPConfigurations": [
          {
            "name": "appGatewayIpConfig",
            "properties": {
              "subnet": {
                "id": "[variables('subnetRef')]"
              }
            }
          }
        ],
        "frontendIPConfigurations": [
          {
            "name": "appGatewayFrontendIP",
            "properties": {
              "subnet": {
                "id": "[variables('subnetRef')]"
              }
            }
          }
        ],
        "frontendPorts": [
          {
            "name": "appGatewayFrontendPort",
            "properties": {
              "Port": "[parameters('frontendPort')]"
            }
          }
        ],
        "backendAddressPools": [
          {
            "name": "appGatewayBackendPool",
            "properties": {
              "BackendAddresses": "[parameters('backendIPAddresses')]"
            }
          }
        ],
        "backendHttpSettingsCollection": [
          {
            "name": "appGatewayBackendHttpSettings",
            "properties": {
              "Port": "[parameters('backendPort')]",
              "Protocol": "Http",
              "CookieBasedAffinity": "[parameters('cookieBasedAffinity')]"
            }
          }
        ],
        "httpListeners": [
          {
            "name": "appGatewayHttpListener",
            "properties": {
              "FrontendIpConfiguration": {
                "Id": "[concat(resourceId('Microsoft.Network/applicationGateways', parameters('applicationGatewayName')), '/frontendIPConfigurations/appGatewayFrontendIP')]"
              },
              "FrontendPort": {
                "Id": "[concat(resourceId('Microsoft.Network/applicationGateways', parameters('applicationGatewayName')), '/frontendPorts/appGatewayFrontendPort')]"
              },
              "Protocol": "Http",
              "SslCertificate": null
            }
          }
        ],
        "requestRoutingRules": [
          {
            "Name": "rule1",
            "properties": {
              "RuleType": "Basic",
              "httpListener": {
                "id": "[concat(resourceId('Microsoft.Network/applicationGateways', parameters('applicationGatewayName')), '/httpListeners/appGatewayHttpListener')]"
              },
              "backendAddressPool": {
                "id": "[concat(resourceId('Microsoft.Network/applicationGateways', parameters('applicationGatewayName')), '/backendAddressPools/appGatewayBackendPool')]"
              },
              "backendHttpSettings": {
                "id": "[concat(resourceId('Microsoft.Network/applicationGateways', parameters('applicationGatewayName')), '/backendHttpSettingsCollection/appGatewayBackendHttpSettings')]"
              }
            }
          }
        ]
      }
    }
  ]
}
