{
  "$schema": "http://schema.management.azure.com/schemas/2015-01-01/deploymentParameters.json#",
  "contentVersion": "1.0.0.0",
  "parameters": {
    "dnsNamePrefix": {
      "value": "GEN-UNIQUE"
    },
    "adminUsername": {
      "value": "GEN-UNIQUE"
    },
    "sshRSAPublicKey": {
      "value": "GEN-SSH-PUB-KEY"
    },
    "servicePrincipalClientId": {
      "value": "GEN-UNIQUE"
    },
    "servicePrincipalClientSecret": {
      "value": "GEN-UNIQUE"
    },
    "orchestratorType":{
      "value": "Kubernetes"
    }
  }
}
