{
  "itemDisplayName": "Azure Container Service - Kubernetes",
  "description": "Deploy an Azure Container Service instance for the hosting and management of Docker Containers. Azure Container Service optimizes the configuration of popular open source tools and technologies specifically for Azure. You get an open solution (either DCOS, powered by Apache Mesos, Kubernetes, or Docker Swarm) that offers portability for both your containers and your application configuration. You select the size, the number of hosts, and choice of orchestrator tools, and Container Service handles everything else.\nWe work closely with the open source community and, by exposing the standard API endpoints for our orchestration engine, we ensure that the most popular open source tools are not only compatible with Azure Container Service, but in most cases will work out of the box. This includes current tools such as visualizers, monitoring, continuous integration, and command line tools, as well as future tools and features as they become available.",
  "summary": "Azure Container Service optimizes the configuration of open source container management solutions that offer portability for both your containers and your application configuration.",
  "githubUsername": "rgardler",
  "dateUpdated": "2017-03-21"
}
