{
  "$schema": "http://schema.management.azure.com/schemas/2015-01-01/deploymentParameters.json#",
  "contentVersion": "1.0.0.0",
  "parameters": {
    "dnsNamePrefix": {
      "value": "GEN-UNIQUE"
    },
    "agentCount": {
      "value": 1
    },
    "agentVMSize" : {
      "value": "Standard_A2"
    },
    "linuxAdminUsername": {
      "value": "azureuser"
    },
    "orchestratorType": {
      "value": "Swarm"
    },
    "masterCount": {
      "value": 3
    },
    "sshRSAPublicKey": {
      "value": "GEN-SSH-PUB-KEY"
    }
  }
}
