{
  "itemDisplayName": "Azure Container Instances - MS NAV with SQL Server and IIS",
  "description": "Deploy a single Windows container with a fully featured self-contained Dynamics NAV / Dynamics 365 Business Central environment on Azure Container Instances.",
  "summary": "Deploy a single Windows container with a fully featured self-contained Dynamics NAV / Dynamics 365 Business Central environment on Azure Container Instances.",
  "githubUsername": "tfenster",
  "dateUpdated": "2018-04-26"
}
