{
  "$schema": "http://schema.management.azure.com/schemas/2015-01-01/deploymentTemplate.json#",
  "contentVersion": "1.0.0.0",
  "parameters": {
    "name": {
      "type": "string",
      "metadata": {
        "description": "Name of the Azure Relay namespace"
      }
    },
    "location": {
      "type": "string",
      "defaultValue": "[resourceGroup().location]",
      "metadata": {
        "description": "Location for all resources."
      }
    }
  },
  "variables": {
    "location": "[parameters('location')]",
    "apiVersion": "2016-07-01",
    "defaultSASKeyName": "RootManageSharedAccessKey",
    "defaultAuthRuleResourceId": "[resourceId('Microsoft.Relay/namespaces/authorizationRules', parameters('name'), variables('defaultSASKeyName'))]"
  },
  "resources": [
    {
      "apiVersion": "2016-07-01",
      "name": "[parameters('name')]",
      "type": "Microsoft.Relay/Namespaces",
      "location": "[variables('location')]",
      "kind": "Relay",
      "properties": {}
    }
  ],
  "outputs": {
    "NamespaceDefaultConnectionString": {
      "type": "string",
      "value": "[listkeys(variables('defaultAuthRuleResourceId'), variables('apiVersion')).primaryConnectionString]"
    },
    "DefaultSharedAccessPolicyPrimaryKey": {
      "type": "string",
      "value": "[listkeys(variables('defaultAuthRuleResourceId'), variables('apiVersion')).primaryKey]"
    }
  }
}
